<?xml version="1.0" encoding="UTF-8"?>
<project-private xmlns="http://www.netbeans.org/ns/project-private/1">
    <editor-bookmarks xmlns="http://www.netbeans.org/ns/editor-bookmarks/2" lastBookmarkId="0"/>
    <open-files xmlns="http://www.netbeans.org/ns/projectui-open-files/2">
        <group>
            <file>file:/C:/Users/na961/Downloads/New%20P4%20Soultion%202024/web/WEB-INF/root.properties</file>
            <file>file:/C:/Users/na961/Downloads/New%20P4%20Soultion%202024/web/WEB-INF/client.properties</file>
            <file>file:/C:/Users/na961/Downloads/New%20P4%20Soultion%202024/web/WEB-INF/dataentryuser.properties</file>
            <file>file:/C:/Users/na961/Downloads/New%20P4%20Soultion%202024/web/WEB-INF/system.properties</file>
            <file>file:/C:/Users/na961/Downloads/New%20P4%20Soultion%202024/web/WEB-INF/theaccountant.properties</file>
        </group>
    </open-files>
</project-private>
